DROP DATABASE IF EXISTS db_sipdapap;
CREATE DATABASE db_sipdapap;

USE db_sipdapap;

DROP TABLE IF EXISTS agama;
CREATE TABLE agama
(
	id_agama VARCHAR(7) NOT NULL PRIMARY KEY,
	agama VARCHAR(30) NOT NULL
);

DELETE FROM agama;
INSERT INTO agama VALUES
('AGM.001', 'Islam'),
('AGM.002', 'Kristen Protestan'),
('AGM.003', 'Kristen Katolik'),
('AGM.004', 'Hindu'),
('AGM.005', 'Buddha')
;

DROP TABLE IF EXISTS pekerjaan;
CREATE TABLE pekerjaan
(
	id_pekerjaan VARCHAR(7) NOT NULL PRIMARY KEY,
	pekerjaan VARCHAR(30) NOT NULL
);

DELETE FROM pekerjaan;
INSERT INTO pekerjaan VALUES
('PKJ.001', 'Belum / Tidak Bekerja')
;

DROP TABLE IF EXISTS pendidikan;
CREATE TABLE pendidikan
(
	id_pendidikan VARCHAR(7) NOT NULL PRIMARY KEY,
	pendidikan VARCHAR(30) NOT NULL
);

DELETE FROM pendidikan;
INSERT INTO pendidikan VALUES
('PDN.001', 'Belum / Tidak Sekolah')
;

DROP TABLE IF EXISTS jabatan;
CREATE TABLE jabatan
(
	id_jabatan VARCHAR(7) NOT NULL PRIMARY KEY,
	jabatan VARCHAR(30) NOT NULL
);

DELETE FROM jabatan;
INSERT INTO jabatan VALUES
('JBN.001', 'Kepala Desa'),
('JBN.002', 'Sekretaris Desa'),
('JBN.003', 'Operator Desa')
;

DROP TABLE IF EXISTS rw;
CREATE TABLE rw
(
	id_rw VARCHAR(7) NOT NULL PRIMARY KEY,
	rw VARCHAR(3) NOT NULL
);

DELETE FROM rw;
INSERT INTO rw VALUES
('RW.001', '001'),
('RW.002', '002')
;

DROP TABLE IF EXISTS rt;
CREATE TABLE rt
(
	id_rt VARCHAR(7) NOT NULL PRIMARY KEY,
	id_rw VARCHAR(7) NOT NULL,
	rt VARCHAR(3) NOT NULL
);

DELETE FROM rt;
INSERT INTO RT VALUES
('RT.001', 'RW.001', '001'),
('RT.002', 'RW.001', '002')
;

DROP TABLE IF EXISTS jenis_kelamin;
CREATE TABLE jenis_kelamin
(
	id_jk VARCHAR(7) NOT NULL PRIMARY KEY,
	jk VARCHAR(30) NOT NULL
);

DELETE FROM jenis_kelamin;
INSERT INTO jenis_kelamin VALUES
('JK.001', 'Laki-laki'),
('JK.002', 'Perempuan')
;

DROP TABLE IF EXISTS gol_darah;
CREATE TABLE gol_darah
(
	id_goldarah VARCHAR(7) NOT NULL PRIMARY KEY,
	gol_darah VARCHAR(3) NOT NULL
);

DELETE FROM gol_darah;
INSERT INTO gol_darah VALUES
('GOL.001', '-'),
('GOL.002', 'A+'),
('GOL.003', 'B+'),
('GOL.004', 'AB+'),
('GOL.005', 'O+'),
('GOL.006', 'A-'),
('GOL.007', 'B-'),
('GOL.008', 'AB-'),
('GOL.009', 'O-')
;

DROP TABLE IF EXISTS status_nikah;
CREATE TABLE status_nikah
(
	id_statusnikah VARCHAR(7) NOT NULL PRIMARY KEY,
	status_nikah VARCHAR(30) NOT NULL
);

DELETE FROM status_nikah;
INSERT INTO status_nikah VALUES
('STN.001', 'Menikah'),
('STN.002', 'Belum Menikah'),
('STN.003', 'Cerai Hidup'),
('STN.004', 'Cerai Mati')
;

DROP TABLE IF EXISTS status_tinggal;
CREATE TABLE status_tinggal
(
	id_statustinggal VARCHAR(7) NOT NULL PRIMARY KEY,
	status_tinggal VARCHAR(30) NOT NULL
);

DELETE FROM status_tinggal;
INSERT INTO status_tinggal VALUES
('STT.001', 'Tetap'),
('STT.002', 'Kontrak')
;

DROP TABLE IF EXISTS status_penduduk;
CREATE TABLE status_penduduk
(
	id_statuspenduduk VARCHAR(7) NOT NULL PRIMARY KEY,
	status_penduduk VARCHAR(30) NOT NULL
);

DELETE FROM status_penduduk;
INSERT INTO status_penduduk VALUES
('STP.001', 'Hidup'),
('STP.002', 'Pindah'),
('STP.003', 'Meninggal')
;

DROP TABLE IF EXISTS provinsi;
CREATE TABLE provinsi
(
	id_provinsi VARCHAR(2) NOT NULL PRIMARY KEY,
	provinsi VARCHAR(100) NOT NULL
);

INSERT INTO `provinsi` VALUES ('11', 'ACEH');
INSERT INTO `provinsi` VALUES ('12', 'SUMATERA UTARA');
INSERT INTO `provinsi` VALUES ('13', 'SUMATERA BARAT');
INSERT INTO `provinsi` VALUES ('14', 'RIAU');
INSERT INTO `provinsi` VALUES ('15', 'JAMBI');
INSERT INTO `provinsi` VALUES ('16', 'SUMATERA SELATAN');
INSERT INTO `provinsi` VALUES ('17', 'BENGKULU');
INSERT INTO `provinsi` VALUES ('18', 'LAMPUNG');
INSERT INTO `provinsi` VALUES ('19', 'KEPULAUAN BANGKA BELITUNG');
INSERT INTO `provinsi` VALUES ('21', 'KEPULAUAN RIAU');
INSERT INTO `provinsi` VALUES ('31', 'DKI JAKARTA');
INSERT INTO `provinsi` VALUES ('32', 'JAWA BARAT');
INSERT INTO `provinsi` VALUES ('33', 'JAWA TENGAH');
INSERT INTO `provinsi` VALUES ('34', 'DI YOGYAKARTA');
INSERT INTO `provinsi` VALUES ('35', 'JAWA TIMUR');
INSERT INTO `provinsi` VALUES ('36', 'BANTEN');
INSERT INTO `provinsi` VALUES ('51', 'BALI');
INSERT INTO `provinsi` VALUES ('52', 'NUSA TENGGARA BARAT');
INSERT INTO `provinsi` VALUES ('53', 'NUSA TENGGARA TIMUR');
INSERT INTO `provinsi` VALUES ('61', 'KALIMANTAN BARAT');
INSERT INTO `provinsi` VALUES ('62', 'KALIMANTAN TENGAH');
INSERT INTO `provinsi` VALUES ('63', 'KALIMANTAN SELATAN');
INSERT INTO `provinsi` VALUES ('64', 'KALIMANTAN TIMUR');
INSERT INTO `provinsi` VALUES ('65', 'KALIMANTAN UTARA');
INSERT INTO `provinsi` VALUES ('71', 'SULAWESI UTARA');
INSERT INTO `provinsi` VALUES ('72', 'SULAWESI TENGAH');
INSERT INTO `provinsi` VALUES ('73', 'SULAWESI SELATAN');
INSERT INTO `provinsi` VALUES ('74', 'SULAWESI TENGGARA');
INSERT INTO `provinsi` VALUES ('75', 'GORONTALO');
INSERT INTO `provinsi` VALUES ('76', 'SULAWESI BARAT');
INSERT INTO `provinsi` VALUES ('81', 'MALUKU');
INSERT INTO `provinsi` VALUES ('82', 'MALUKU UTARA');
INSERT INTO `provinsi` VALUES ('91', 'PAPUA BARAT');
INSERT INTO `provinsi` VALUES ('94', 'PAPUA');

DROP TABLE IF EXISTS kabupaten;
CREATE TABLE kabupaten
(
	id_kabupaten VARCHAR(4) NOT NULL PRIMARY KEY,
	id_provinsi VARCHAR(2) NOT NULL,
	kabupaten VARCHAR(100) NOT NULL
);

INSERT INTO `kabupaten` VALUES ('3201', '32', 'KABUPATEN BOGOR');
INSERT INTO `kabupaten` VALUES ('3202', '32', 'KABUPATEN SUKABUMI');
INSERT INTO `kabupaten` VALUES ('3203', '32', 'KABUPATEN CIANJUR');
INSERT INTO `kabupaten` VALUES ('3204', '32', 'KABUPATEN BANDUNG');
INSERT INTO `kabupaten` VALUES ('3205', '32', 'KABUPATEN GARUT');
INSERT INTO `kabupaten` VALUES ('3206', '32', 'KABUPATEN TASIKMALAYA');
INSERT INTO `kabupaten` VALUES ('3207', '32', 'KABUPATEN CIAMIS');
INSERT INTO `kabupaten` VALUES ('3208', '32', 'KABUPATEN KUNINGAN');
INSERT INTO `kabupaten` VALUES ('3209', '32', 'KABUPATEN CIREBON');
INSERT INTO `kabupaten` VALUES ('3210', '32', 'KABUPATEN MAJALENGKA');
INSERT INTO `kabupaten` VALUES ('3211', '32', 'KABUPATEN SUMEDANG');
INSERT INTO `kabupaten` VALUES ('3212', '32', 'KABUPATEN INDRAMAYU');
INSERT INTO `kabupaten` VALUES ('3213', '32', 'KABUPATEN SUBANG');
INSERT INTO `kabupaten` VALUES ('3214', '32', 'KABUPATEN PURWAKARTA');
INSERT INTO `kabupaten` VALUES ('3215', '32', 'KABUPATEN KARAWANG');
INSERT INTO `kabupaten` VALUES ('3216', '32', 'KABUPATEN BEKASI');
INSERT INTO `kabupaten` VALUES ('3217', '32', 'KABUPATEN BANDUNG BARAT');
INSERT INTO `kabupaten` VALUES ('3218', '32', 'KABUPATEN PANGANDARAN');
INSERT INTO `kabupaten` VALUES ('3271', '32', 'KOTA BOGOR');
INSERT INTO `kabupaten` VALUES ('3272', '32', 'KOTA SUKABUMI');
INSERT INTO `kabupaten` VALUES ('3273', '32', 'KOTA BANDUNG');
INSERT INTO `kabupaten` VALUES ('3274', '32', 'KOTA CIREBON');
INSERT INTO `kabupaten` VALUES ('3275', '32', 'KOTA BEKASI');
INSERT INTO `kabupaten` VALUES ('3276', '32', 'KOTA DEPOK');
INSERT INTO `kabupaten` VALUES ('3277', '32', 'KOTA CIMAHI');
INSERT INTO `kabupaten` VALUES ('3278', '32', 'KOTA TASIKMALAYA');
INSERT INTO `kabupaten` VALUES ('3279', '32', 'KOTA BANJAR');

DROP TABLE IF EXISTS kecamatan;
CREATE TABLE kecamatan
(
	id_kecamatan VARCHAR(7) NOT NULL PRIMARY KEY,
	id_kabupaten VARCHAR(4) NOT NULL,
	kecamatan VARCHAR(100) NOT NULL
);

INSERT INTO `kecamatan` VALUES ('3209010', '3209', 'WALED');
INSERT INTO `kecamatan` VALUES ('3209011', '3209', 'PASALEMAN');
INSERT INTO `kecamatan` VALUES ('3209020', '3209', 'CILEDUG');
INSERT INTO `kecamatan` VALUES ('3209021', '3209', 'PABUARAN');
INSERT INTO `kecamatan` VALUES ('3209030', '3209', 'LOSARI');
INSERT INTO `kecamatan` VALUES ('3209031', '3209', 'PABEDILAN');
INSERT INTO `kecamatan` VALUES ('3209040', '3209', 'BABAKAN');
INSERT INTO `kecamatan` VALUES ('3209041', '3209', 'GEBANG');
INSERT INTO `kecamatan` VALUES ('3209050', '3209', 'KARANGSEMBUNG');
INSERT INTO `kecamatan` VALUES ('3209051', '3209', 'KARANGWARENG');
INSERT INTO `kecamatan` VALUES ('3209060', '3209', 'LEMAHABANG');
INSERT INTO `kecamatan` VALUES ('3209061', '3209', 'SUSUKANLEBAK');
INSERT INTO `kecamatan` VALUES ('3209070', '3209', 'SEDONG');
INSERT INTO `kecamatan` VALUES ('3209080', '3209', 'ASTANAJAPURA');
INSERT INTO `kecamatan` VALUES ('3209081', '3209', 'PANGENAN');
INSERT INTO `kecamatan` VALUES ('3209090', '3209', 'MUNDU');
INSERT INTO `kecamatan` VALUES ('3209100', '3209', 'BEBER');
INSERT INTO `kecamatan` VALUES ('3209101', '3209', 'GREGED');
INSERT INTO `kecamatan` VALUES ('3209111', '3209', 'TALUN');
INSERT INTO `kecamatan` VALUES ('3209120', '3209', 'SUMBER');
INSERT INTO `kecamatan` VALUES ('3209121', '3209', 'DUKUPUNTANG');
INSERT INTO `kecamatan` VALUES ('3209130', '3209', 'PALIMANAN');
INSERT INTO `kecamatan` VALUES ('3209140', '3209', 'PLUMBON');
INSERT INTO `kecamatan` VALUES ('3209141', '3209', 'DEPOK');
INSERT INTO `kecamatan` VALUES ('3209150', '3209', 'WERU');
INSERT INTO `kecamatan` VALUES ('3209151', '3209', 'PLERED');
INSERT INTO `kecamatan` VALUES ('3209161', '3209', 'TENGAH TANI');
INSERT INTO `kecamatan` VALUES ('3209162', '3209', 'KEDAWUNG');
INSERT INTO `kecamatan` VALUES ('3209171', '3209', 'GUNUNGJATI');
INSERT INTO `kecamatan` VALUES ('3209180', '3209', 'KAPETAKAN');
INSERT INTO `kecamatan` VALUES ('3209181', '3209', 'SURANENGGALA');
INSERT INTO `kecamatan` VALUES ('3209190', '3209', 'KLANGENAN');
INSERT INTO `kecamatan` VALUES ('3209191', '3209', 'JAMBLANG');
INSERT INTO `kecamatan` VALUES ('3209200', '3209', 'ARJAWINANGUN');
INSERT INTO `kecamatan` VALUES ('3209201', '3209', 'PANGURAGAN');
INSERT INTO `kecamatan` VALUES ('3209210', '3209', 'CIWARINGIN');
INSERT INTO `kecamatan` VALUES ('3209211', '3209', 'GEMPOL');
INSERT INTO `kecamatan` VALUES ('3209220', '3209', 'SUSUKAN');
INSERT INTO `kecamatan` VALUES ('3209230', '3209', 'GEGESIK');
INSERT INTO `kecamatan` VALUES ('3209231', '3209', 'KALIWEDI');

DROP TABLE IF EXISTS desa;
CREATE TABLE desa
(
	id_desa VARCHAR(10) NOT NULL PRIMARY KEY,
	id_kecamatan VARCHAR(7) NOT NULL,
	desa VARCHAR(100) NOT NULL
);

INSERT INTO `desa` VALUES ('3209010008', '3209010', 'WALED DESA');
INSERT INTO `desa` VALUES ('3209010009', '3209010', 'WALED KOTA');
INSERT INTO `desa` VALUES ('3209010010', '3209010', 'MEKARSARI');
INSERT INTO `desa` VALUES ('3209010011', '3209010', 'WALED ASEM');
INSERT INTO `desa` VALUES ('3209010012', '3209010', 'AMBIT');
INSERT INTO `desa` VALUES ('3209010013', '3209010', 'CIUYAH');
INSERT INTO `desa` VALUES ('3209010014', '3209010', 'GUNUNGSARI');
INSERT INTO `desa` VALUES ('3209010015', '3209010', 'KARANGSARI');
INSERT INTO `desa` VALUES ('3209010016', '3209010', 'CIKULAK KIDUL');
INSERT INTO `desa` VALUES ('3209010017', '3209010', 'CIKULAK');
INSERT INTO `desa` VALUES ('3209010018', '3209010', 'CIBOGO');
INSERT INTO `desa` VALUES ('3209010019', '3209010', 'CISAAT');
INSERT INTO `desa` VALUES ('3209011001', '3209011', 'TONJONG');
INSERT INTO `desa` VALUES ('3209011002', '3209011', 'TANJUNG ANOM');
INSERT INTO `desa` VALUES ('3209011003', '3209011', 'CILENGKRANG GIRANG');
INSERT INTO `desa` VALUES ('3209011004', '3209011', 'CILENGKRANG');
INSERT INTO `desa` VALUES ('3209011005', '3209011', 'PASALEMAN');
INSERT INTO `desa` VALUES ('3209011006', '3209011', 'CIGOBANGWANGI');
INSERT INTO `desa` VALUES ('3209011007', '3209011', 'CIGOBANG');
INSERT INTO `desa` VALUES ('3209020008', '3209020', 'LEUWEUNGGAJAH');
INSERT INTO `desa` VALUES ('3209020009', '3209020', 'TENJOMAYA');
INSERT INTO `desa` VALUES ('3209020010', '3209020', 'DAMARGUNA');
INSERT INTO `desa` VALUES ('3209020011', '3209020', 'JATISEENG');
INSERT INTO `desa` VALUES ('3209020012', '3209020', 'JATISEENG KIDUL');
INSERT INTO `desa` VALUES ('3209020013', '3209020', 'CILEDUG KULON');
INSERT INTO `desa` VALUES ('3209020014', '3209020', 'CILEDUG WETAN');
INSERT INTO `desa` VALUES ('3209020015', '3209020', 'CILEDUG LOR');
INSERT INTO `desa` VALUES ('3209020016', '3209020', 'CILEDUG TENGAH');
INSERT INTO `desa` VALUES ('3209020017', '3209020', 'BOJONGNEGARA');
INSERT INTO `desa` VALUES ('3209021001', '3209021', 'SUKADANA');
INSERT INTO `desa` VALUES ('3209021002', '3209021', 'PABUARAN KIDUL');
INSERT INTO `desa` VALUES ('3209021003', '3209021', 'PABUARAN WETAN');
INSERT INTO `desa` VALUES ('3209021004', '3209021', 'PABUARAN LOR');
INSERT INTO `desa` VALUES ('3209021005', '3209021', 'JATIRENGGANG');
INSERT INTO `desa` VALUES ('3209021006', '3209021', 'HULUBANTENG');
INSERT INTO `desa` VALUES ('3209021007', '3209021', 'HULUBANTENG LOR');
INSERT INTO `desa` VALUES ('3209030009', '3209030', 'ASTANALANGGAR');
INSERT INTO `desa` VALUES ('3209030010', '3209030', 'BARISAN');
INSERT INTO `desa` VALUES ('3209030011', '3209030', 'LOSARI KIDUL');
INSERT INTO `desa` VALUES ('3209030012', '3209030', 'PANGGANGSARI');
INSERT INTO `desa` VALUES ('3209030013', '3209030', 'LOSARI LOR');
INSERT INTO `desa` VALUES ('3209030014', '3209030', 'MULYASARI');
INSERT INTO `desa` VALUES ('3209030015', '3209030', 'KALIRAHAYU');
INSERT INTO `desa` VALUES ('3209030016', '3209030', 'KALISARI');
INSERT INTO `desa` VALUES ('3209030017', '3209030', 'AMBULU');
INSERT INTO `desa` VALUES ('3209030018', '3209030', 'TAWANGSARI');
INSERT INTO `desa` VALUES ('3209031001', '3209031', 'BABAKAN LOSARI');
INSERT INTO `desa` VALUES ('3209031002', '3209031', 'SIDARESMI');
INSERT INTO `desa` VALUES ('3209031003', '3209031', 'KALIBUNTU');
INSERT INTO `desa` VALUES ('3209031004', '3209031', 'DUKUHWIDARA');
INSERT INTO `desa` VALUES ('3209031005', '3209031', 'PASURUAN');
INSERT INTO `desa` VALUES ('3209031006', '3209031', 'KALIMUKTI');
INSERT INTO `desa` VALUES ('3209031007', '3209031', 'PABEDILAN KALER');
INSERT INTO `desa` VALUES ('3209031008', '3209031', 'BABAKAN LOSARI LOR');
INSERT INTO `desa` VALUES ('3209031009', '3209031', 'PABEDILAN KIDUL');
INSERT INTO `desa` VALUES ('3209031010', '3209031', 'PABEDILAN KULON');
INSERT INTO `desa` VALUES ('3209031011', '3209031', 'PABEDILAN WETAN');
INSERT INTO `desa` VALUES ('3209031012', '3209031', 'TERSANA');
INSERT INTO `desa` VALUES ('3209031013', '3209031', 'SILIHASIH');
INSERT INTO `desa` VALUES ('3209040001', '3209040', 'CANGKUANG');
INSERT INTO `desa` VALUES ('3209040002', '3209040', 'SERANG WETAN');
INSERT INTO `desa` VALUES ('3209040003', '3209040', 'BOJONGGEBANG');
INSERT INTO `desa` VALUES ('3209040004', '3209040', 'KUDUKERAS');
INSERT INTO `desa` VALUES ('3209040005', '3209040', 'SUMBER KIDUL');
INSERT INTO `desa` VALUES ('3209040006', '3209040', 'KUDUMULYA');
INSERT INTO `desa` VALUES ('3209040007', '3209040', 'SUMBER LOR');
INSERT INTO `desa` VALUES ('3209040008', '3209040', 'BABAKAN');
INSERT INTO `desa` VALUES ('3209040009', '3209040', 'PAKUSAMBEN');
INSERT INTO `desa` VALUES ('3209040010', '3209040', 'KARANGWANGUN');
INSERT INTO `desa` VALUES ('3209040011', '3209040', 'BABAKAN GEBANG');
INSERT INTO `desa` VALUES ('3209040012', '3209040', 'GEMBONGAN');
INSERT INTO `desa` VALUES ('3209040013', '3209040', 'SERANG KULON');
INSERT INTO `desa` VALUES ('3209040014', '3209040', 'GEMBONGAN MEKAR');
INSERT INTO `desa` VALUES ('3209041001', '3209041', 'DOMPYONG KULON');
INSERT INTO `desa` VALUES ('3209041002', '3209041', 'DOMPYONG WETAN');
INSERT INTO `desa` VALUES ('3209041003', '3209041', 'KALIMEKAR');
INSERT INTO `desa` VALUES ('3209041004', '3209041', 'KALIMARO');
INSERT INTO `desa` VALUES ('3209041005', '3209041', 'GAGASARI');
INSERT INTO `desa` VALUES ('3209041006', '3209041', 'KALIPASUNG');
INSERT INTO `desa` VALUES ('3209041007', '3209041', 'GEBANG KULON');
INSERT INTO `desa` VALUES ('3209041008', '3209041', 'GEBANG');
INSERT INTO `desa` VALUES ('3209041009', '3209041', 'GEBANG UDIK');
INSERT INTO `desa` VALUES ('3209041010', '3209041', 'GEBANG ILIR');
INSERT INTO `desa` VALUES ('3209041011', '3209041', 'GEBANG MEKAR');
INSERT INTO `desa` VALUES ('3209041012', '3209041', 'PELAYANGAN');
INSERT INTO `desa` VALUES ('3209041013', '3209041', 'MELAKASARI');
INSERT INTO `desa` VALUES ('3209050008', '3209050', 'TAMBELANG');
INSERT INTO `desa` VALUES ('3209050015', '3209050', 'KARANGSUWUNG');
INSERT INTO `desa` VALUES ('3209050016', '3209050', 'KARANGTENGAH');
INSERT INTO `desa` VALUES ('3209050017', '3209050', 'KALIMEANG');
INSERT INTO `desa` VALUES ('3209050018', '3209050', 'KARANGMALANG');
INSERT INTO `desa` VALUES ('3209050019', '3209050', 'KARANGMEKAR');
INSERT INTO `desa` VALUES ('3209050020', '3209050', 'KUBANGKARANG');
INSERT INTO `desa` VALUES ('3209050021', '3209050', 'KARANGSEMBUNG');
INSERT INTO `desa` VALUES ('3209051001', '3209051', 'SEUSEUPAN');
INSERT INTO `desa` VALUES ('3209051002', '3209051', 'SUMURKONDANG');
INSERT INTO `desa` VALUES ('3209051003', '3209051', 'JATIPIRING');
INSERT INTO `desa` VALUES ('3209051004', '3209051', 'KUBANGDELEG');
INSERT INTO `desa` VALUES ('3209051005', '3209051', 'KARANGANYAR');
INSERT INTO `desa` VALUES ('3209051006', '3209051', 'KARANGWANGI');
INSERT INTO `desa` VALUES ('3209051007', '3209051', 'BLENDER');
INSERT INTO `desa` VALUES ('3209051008', '3209051', 'KARANGWARENG');
INSERT INTO `desa` VALUES ('3209051009', '3209051', 'KARANGASEM');
INSERT INTO `desa` VALUES ('3209060005', '3209060', 'PICUNGPUGUR');
INSERT INTO `desa` VALUES ('3209060006', '3209060', 'LEUWIDINGDING');
INSERT INTO `desa` VALUES ('3209060007', '3209060', 'ASEM');
INSERT INTO `desa` VALUES ('3209060013', '3209060', 'CIPEUJEUH KULON');
INSERT INTO `desa` VALUES ('3209060014', '3209060', 'SINDANGLAUT');
INSERT INTO `desa` VALUES ('3209060015', '3209060', 'CIPEUJEUH WETAN');
INSERT INTO `desa` VALUES ('3209060016', '3209060', 'LEMAHABANG KULON');
INSERT INTO `desa` VALUES ('3209060017', '3209060', 'LEMAHABANG');
INSERT INTO `desa` VALUES ('3209060018', '3209060', 'SIGONG');
INSERT INTO `desa` VALUES ('3209060019', '3209060', 'SARAJAYA');
INSERT INTO `desa` VALUES ('3209060020', '3209060', 'TUK KARANGSUWUNG');
INSERT INTO `desa` VALUES ('3209060021', '3209060', 'BELAWA');
INSERT INTO `desa` VALUES ('3209060022', '3209060', 'WANGKELANG');
INSERT INTO `desa` VALUES ('3209061001', '3209061', 'KARANGMANGU');
INSERT INTO `desa` VALUES ('3209061002', '3209061', 'KALIGAWE');
INSERT INTO `desa` VALUES ('3209061003', '3209061', 'KALIGAWE WETAN');
INSERT INTO `desa` VALUES ('3209061004', '3209061', 'CURUG WETAN');
INSERT INTO `desa` VALUES ('3209061005', '3209061', 'CURUG');
INSERT INTO `desa` VALUES ('3209061006', '3209061', 'WILULANG');
INSERT INTO `desa` VALUES ('3209061007', '3209061', 'SUSUKAN AGUNG');
INSERT INTO `desa` VALUES ('3209061008', '3209061', 'SUSUKAN LEBAK');
INSERT INTO `desa` VALUES ('3209061009', '3209061', 'SUSUKAN TONGGOH');
INSERT INTO `desa` VALUES ('3209061010', '3209061', 'SAMPIH');
INSERT INTO `desa` VALUES ('3209061011', '3209061', 'PASAWAHAN');
INSERT INTO `desa` VALUES ('3209061012', '3209061', 'CIAWI ASIH');
INSERT INTO `desa` VALUES ('3209061013', '3209061', 'CIAWIJAPURA');
INSERT INTO `desa` VALUES ('3209070001', '3209070', 'KARANGWUNI');
INSERT INTO `desa` VALUES ('3209070002', '3209070', 'SEDONG KIDUL');
INSERT INTO `desa` VALUES ('3209070003', '3209070', 'SEDONG LOR');
INSERT INTO `desa` VALUES ('3209070004', '3209070', 'WINDUJAYA');
INSERT INTO `desa` VALUES ('3209070005', '3209070', 'WINDUHAJI');
INSERT INTO `desa` VALUES ('3209070006', '3209070', 'KERTAWANGUN');
INSERT INTO `desa` VALUES ('3209070007', '3209070', 'PANAMBANGAN');
INSERT INTO `desa` VALUES ('3209070008', '3209070', 'PUTAT');
INSERT INTO `desa` VALUES ('3209070009', '3209070', 'PANONGAN');
INSERT INTO `desa` VALUES ('3209070010', '3209070', 'PANONGAN LOR');
INSERT INTO `desa` VALUES ('3209080004', '3209080', 'MUNJUL');
INSERT INTO `desa` VALUES ('3209080005', '3209080', 'SIDAMULYA');
INSERT INTO `desa` VALUES ('3209080006', '3209080', 'MERTAPADA KULON');
INSERT INTO `desa` VALUES ('3209080007', '3209080', 'MERTAPADA WETAN');
INSERT INTO `desa` VALUES ('3209080008', '3209080', 'BUNTET');
INSERT INTO `desa` VALUES ('3209080009', '3209080', 'KANCI KULON');
INSERT INTO `desa` VALUES ('3209080010', '3209080', 'KANCI');
INSERT INTO `desa` VALUES ('3209080011', '3209080', 'ASTANAJAPURA');
INSERT INTO `desa` VALUES ('3209080015', '3209080', 'KENDAL');
INSERT INTO `desa` VALUES ('3209080016', '3209080', 'JAPURA KIDUL');
INSERT INTO `desa` VALUES ('3209080017', '3209080', 'JAPURABAKTI');
INSERT INTO `desa` VALUES ('3209081001', '3209081', 'ASTANAMUKTI');
INSERT INTO `desa` VALUES ('3209081002', '3209081', 'PENGARENGAN');
INSERT INTO `desa` VALUES ('3209081003', '3209081', 'JAPURA LOR');
INSERT INTO `desa` VALUES ('3209081004', '3209081', 'BERINGIN');
INSERT INTO `desa` VALUES ('3209081005', '3209081', 'RAWAURIP');
INSERT INTO `desa` VALUES ('3209081006', '3209081', 'BENDUNGAN');
INSERT INTO `desa` VALUES ('3209081007', '3209081', 'PANGENAN');
INSERT INTO `desa` VALUES ('3209081008', '3209081', 'GETRAKMOYAN');
INSERT INTO `desa` VALUES ('3209081009', '3209081', 'ENDER');
INSERT INTO `desa` VALUES ('3209090001', '3209090', 'SETUPATOK');
INSERT INTO `desa` VALUES ('3209090002', '3209090', 'PENPEN');
INSERT INTO `desa` VALUES ('3209090003', '3209090', 'MUNDU MESIGIT');
INSERT INTO `desa` VALUES ('3209090004', '3209090', 'LUWUNG');
INSERT INTO `desa` VALUES ('3209090005', '3209090', 'WARUDUWUR');
INSERT INTO `desa` VALUES ('3209090006', '3209090', 'CITEMU');
INSERT INTO `desa` VALUES ('3209090007', '3209090', 'BANDENGAN');
INSERT INTO `desa` VALUES ('3209090008', '3209090', 'MUNDU PESISIR');
INSERT INTO `desa` VALUES ('3209090009', '3209090', 'SUCI');
INSERT INTO `desa` VALUES ('3209090010', '3209090', 'BANJARWANGUNAN');
INSERT INTO `desa` VALUES ('3209090011', '3209090', 'PAMENGKANG');
INSERT INTO `desa` VALUES ('3209090012', '3209090', 'SINARANCANG');
INSERT INTO `desa` VALUES ('3209100001', '3209100', 'WANAYASA');
INSERT INTO `desa` VALUES ('3209100002', '3209100', 'SINDANGKASIH');
INSERT INTO `desa` VALUES ('3209100003', '3209100', 'SINDANGHAYU');
INSERT INTO `desa` VALUES ('3209100004', '3209100', 'CIAWIGAJAH');
INSERT INTO `desa` VALUES ('3209100008', '3209100', 'CIKANCAS');
INSERT INTO `desa` VALUES ('3209100009', '3209100', 'HALIMPU');
INSERT INTO `desa` VALUES ('3209100010', '3209100', 'CIPINANG');
INSERT INTO `desa` VALUES ('3209100011', '3209100', 'BEBER');
INSERT INTO `desa` VALUES ('3209100012', '3209100', 'PATAPAN');
INSERT INTO `desa` VALUES ('3209100013', '3209100', 'KONDANGSARI');
INSERT INTO `desa` VALUES ('3209101001', '3209101', 'GUMULUNG LEBAK');
INSERT INTO `desa` VALUES ('3209101002', '3209101', 'LEBAK MEKAR');
INSERT INTO `desa` VALUES ('3209101003', '3209101', 'GUMULUNG TONGGOH');
INSERT INTO `desa` VALUES ('3209101005', '3209101', 'KAMARANG');
INSERT INTO `desa` VALUES ('3209101006', '3209101', 'GREGED');
INSERT INTO `desa` VALUES ('3209101007', '3209101', 'KAMARANG LEBAK');
INSERT INTO `desa` VALUES ('3209101014', '3209101', 'DURAJAYA');
INSERT INTO `desa` VALUES ('3209101015', '3209101', 'JATIPANCUR');
INSERT INTO `desa` VALUES ('3209101016', '3209101', 'SINDANG KEMPENG');
INSERT INTO `desa` VALUES ('3209101017', '3209101', 'NANGGELA');
INSERT INTO `desa` VALUES ('3209111001', '3209111', 'SAMPIRAN');
INSERT INTO `desa` VALUES ('3209111002', '3209111', 'CIPERNA');
INSERT INTO `desa` VALUES ('3209111003', '3209111', 'KECOMBERAN');
INSERT INTO `desa` VALUES ('3209111004', '3209111', 'CIREBON GIRANG');
INSERT INTO `desa` VALUES ('3209111005', '3209111', 'KERANDON');
INSERT INTO `desa` VALUES ('3209111006', '3209111', 'WANASABA KIDUL');
INSERT INTO `desa` VALUES ('3209111007', '3209111', 'WANASABA LOR');
INSERT INTO `desa` VALUES ('3209111012', '3209111', 'CEMPAKA');
INSERT INTO `desa` VALUES ('3209111013', '3209111', 'KEPONGPONGAN');
INSERT INTO `desa` VALUES ('3209111014', '3209111', 'KUBANG');
INSERT INTO `desa` VALUES ('3209111015', '3209111', 'SARWADADI');
INSERT INTO `desa` VALUES ('3209120010', '3209120', 'MATANGAJI');
INSERT INTO `desa` VALUES ('3209120011', '3209120', 'SIDAWANGI');
INSERT INTO `desa` VALUES ('3209120014', '3209120', 'BABAKAN');
INSERT INTO `desa` VALUES ('3209120015', '3209120', 'SUMBER');
INSERT INTO `desa` VALUES ('3209120016', '3209120', 'PERBUTULAN');
INSERT INTO `desa` VALUES ('3209120017', '3209120', 'KEMANTREN');
INSERT INTO `desa` VALUES ('3209120018', '3209120', 'SENDANG');
INSERT INTO `desa` VALUES ('3209120019', '3209120', 'GEGUNUNG');
INSERT INTO `desa` VALUES ('3209120020', '3209120', 'PEJAMBON');
INSERT INTO `desa` VALUES ('3209120021', '3209120', 'WATUBELAH');
INSERT INTO `desa` VALUES ('3209120022', '3209120', 'PASALAKAN');
INSERT INTO `desa` VALUES ('3209120023', '3209120', 'KALIWADAS');
INSERT INTO `desa` VALUES ('3209120024', '3209120', 'TUKMUDAL');
INSERT INTO `desa` VALUES ('3209120025', '3209120', 'KENANGA');
INSERT INTO `desa` VALUES ('3209121001', '3209121', 'BOBOS');
INSERT INTO `desa` VALUES ('3209121002', '3209121', 'CIKALAHANG');
INSERT INTO `desa` VALUES ('3209121003', '3209121', 'MANDALA');
INSERT INTO `desa` VALUES ('3209121004', '3209121', 'CISAAT');
INSERT INTO `desa` VALUES ('3209121005', '3209121', 'SINDANGJAWA');
INSERT INTO `desa` VALUES ('3209121006', '3209121', 'SINDANGMEKAR');
INSERT INTO `desa` VALUES ('3209121007', '3209121', 'CANGKOAK');
INSERT INTO `desa` VALUES ('3209121008', '3209121', 'KEPUNDUAN');
INSERT INTO `desa` VALUES ('3209121009', '3209121', 'BALAD');
INSERT INTO `desa` VALUES ('3209121010', '3209121', 'DUKUPUNTANG');
INSERT INTO `desa` VALUES ('3209121011', '3209121', 'CIPANAS');
INSERT INTO `desa` VALUES ('3209121012', '3209121', 'GIRINATA');
INSERT INTO `desa` VALUES ('3209121013', '3209121', 'KEDONGDONG KIDUL');
INSERT INTO `desa` VALUES ('3209130003', '3209130', 'KEPUH');
INSERT INTO `desa` VALUES ('3209130006', '3209130', 'CILUKRAK');
INSERT INTO `desa` VALUES ('3209130007', '3209130', 'BALERANTE');
INSERT INTO `desa` VALUES ('3209130008', '3209130', 'PANONGAN');
INSERT INTO `desa` VALUES ('3209130009', '3209130', 'BEBERAN');
INSERT INTO `desa` VALUES ('3209130010', '3209130', 'SEMPLO');
INSERT INTO `desa` VALUES ('3209130011', '3209130', 'PALIMANAN TIMUR');
INSERT INTO `desa` VALUES ('3209130014', '3209130', 'PEGAGAN');
INSERT INTO `desa` VALUES ('3209130015', '3209130', 'LUNGBENDA');
INSERT INTO `desa` VALUES ('3209130016', '3209130', 'CIAWI');
INSERT INTO `desa` VALUES ('3209130017', '3209130', 'CENGKUANG');
INSERT INTO `desa` VALUES ('3209130018', '3209130', 'TEGALKARANG');
INSERT INTO `desa` VALUES ('3209140006', '3209140', 'CEMPAKA');
INSERT INTO `desa` VALUES ('3209140007', '3209140', 'PAMIJAHAN');
INSERT INTO `desa` VALUES ('3209140017', '3209140', 'LURAH');
INSERT INTO `desa` VALUES ('3209140018', '3209140', 'MARIKANGEN');
INSERT INTO `desa` VALUES ('3209140019', '3209140', 'BODE LOR');
INSERT INTO `desa` VALUES ('3209140020', '3209140', 'BODESARI');
INSERT INTO `desa` VALUES ('3209140021', '3209140', 'GOMBANG');
INSERT INTO `desa` VALUES ('3209140022', '3209140', 'KARANGMULYA');
INSERT INTO `desa` VALUES ('3209140023', '3209140', 'KARANGASEM');
INSERT INTO `desa` VALUES ('3209140024', '3209140', 'PLUMBON');
INSERT INTO `desa` VALUES ('3209140025', '3209140', 'PURBAWINANGUN');
INSERT INTO `desa` VALUES ('3209140026', '3209140', 'KEBAREPAN');
INSERT INTO `desa` VALUES ('3209140027', '3209140', 'PASANGGRAHAN');
INSERT INTO `desa` VALUES ('3209140028', '3209140', 'KEDUNGSANA');
INSERT INTO `desa` VALUES ('3209140029', '3209140', 'DANAMULYA');
INSERT INTO `desa` VALUES ('3209141001', '3209141', 'CIKEDUK');
INSERT INTO `desa` VALUES ('3209141002', '3209141', 'WARUGEDE');
INSERT INTO `desa` VALUES ('3209141003', '3209141', 'KARANGWANGI');
INSERT INTO `desa` VALUES ('3209141004', '3209141', 'GETASAN');
INSERT INTO `desa` VALUES ('3209141005', '3209141', 'KEJUDEN');
INSERT INTO `desa` VALUES ('3209141006', '3209141', 'KEDUANAN');
INSERT INTO `desa` VALUES ('3209141007', '3209141', 'WARUROYOM');
INSERT INTO `desa` VALUES ('3209141008', '3209141', 'WARUKAWUNG');
INSERT INTO `desa` VALUES ('3209141009', '3209141', 'WARUJAYA');
INSERT INTO `desa` VALUES ('3209141010', '3209141', 'DEPOK');
INSERT INTO `desa` VALUES ('3209141011', '3209141', 'KASUGENGAN KIDUL');
INSERT INTO `desa` VALUES ('3209141012', '3209141', 'KASUGENGAN LOR');
INSERT INTO `desa` VALUES ('3209150005', '3209150', 'KARANGSARI');
INSERT INTO `desa` VALUES ('3209150006', '3209150', 'KERTASARI');
INSERT INTO `desa` VALUES ('3209150007', '3209150', 'MEGU CILIK');
INSERT INTO `desa` VALUES ('3209150008', '3209150', 'MEGU GEDE');
INSERT INTO `desa` VALUES ('3209150009', '3209150', 'SETU WETAN');
INSERT INTO `desa` VALUES ('3209150010', '3209150', 'WERU KIDUL');
INSERT INTO `desa` VALUES ('3209150011', '3209150', 'SETU KULON');
INSERT INTO `desa` VALUES ('3209150012', '3209150', 'TEGALWANGI');
INSERT INTO `desa` VALUES ('3209150015', '3209150', 'WERU LOR');
INSERT INTO `desa` VALUES ('3209151001', '3209151', 'PANEMBAHAN');
INSERT INTO `desa` VALUES ('3209151002', '3209151', 'TRUSMI WETAN');
INSERT INTO `desa` VALUES ('3209151003', '3209151', 'TRUSMI KULON');
INSERT INTO `desa` VALUES ('3209151004', '3209151', 'SARABAU');
INSERT INTO `desa` VALUES ('3209151005', '3209151', 'GAMEL');
INSERT INTO `desa` VALUES ('3209151006', '3209151', 'WOTGALI');
INSERT INTO `desa` VALUES ('3209151007', '3209151', 'KALIWULU');
INSERT INTO `desa` VALUES ('3209151008', '3209151', 'TEGALSARI');
INSERT INTO `desa` VALUES ('3209151009', '3209151', 'CANGKRING');
INSERT INTO `desa` VALUES ('3209151010', '3209151', 'PANGKALAN');
INSERT INTO `desa` VALUES ('3209161001', '3209161', 'PALIR');
INSERT INTO `desa` VALUES ('3209161002', '3209161', 'ASTAPADA');
INSERT INTO `desa` VALUES ('3209161003', '3209161', 'GESIK');
INSERT INTO `desa` VALUES ('3209161004', '3209161', 'KEMLAKAGEDE');
INSERT INTO `desa` VALUES ('3209161005', '3209161', 'DAWUAN');
INSERT INTO `desa` VALUES ('3209161006', '3209161', 'BATEMBAT');
INSERT INTO `desa` VALUES ('3209161007', '3209161', 'KALIBARU');
INSERT INTO `desa` VALUES ('3209161008', '3209161', 'KALITENGAH');
INSERT INTO `desa` VALUES ('3209162001', '3209162', 'KALIKOA');
INSERT INTO `desa` VALUES ('3209162002', '3209162', 'KEDUNGDAWA');
INSERT INTO `desa` VALUES ('3209162003', '3209162', 'TUK');
INSERT INTO `desa` VALUES ('3209162004', '3209162', 'KEDUNGJAYA');
INSERT INTO `desa` VALUES ('3209162005', '3209162', 'KEDAWUNG');
INSERT INTO `desa` VALUES ('3209162006', '3209162', 'KERTAWINANGUN');
INSERT INTO `desa` VALUES ('3209162007', '3209162', 'SUTAWINANGUN');
INSERT INTO `desa` VALUES ('3209162008', '3209162', 'PILANGSARI');
INSERT INTO `desa` VALUES ('3209171001', '3209171', 'ADIDHARMA');
INSERT INTO `desa` VALUES ('3209171002', '3209171', 'PASINDANGAN');
INSERT INTO `desa` VALUES ('3209171003', '3209171', 'JADIMULYA');
INSERT INTO `desa` VALUES ('3209171004', '3209171', 'KLAYAN');
INSERT INTO `desa` VALUES ('3209171005', '3209171', 'JATIMERTA');
INSERT INTO `desa` VALUES ('3209171006', '3209171', 'ASTANA');
INSERT INTO `desa` VALUES ('3209171007', '3209171', 'KALISAPU');
INSERT INTO `desa` VALUES ('3209171008', '3209171', 'WANAKAYA');
INSERT INTO `desa` VALUES ('3209171009', '3209171', 'GROGOL');
INSERT INTO `desa` VALUES ('3209171010', '3209171', 'BABADAN');
INSERT INTO `desa` VALUES ('3209171011', '3209171', 'BUYUT');
INSERT INTO `desa` VALUES ('3209171012', '3209171', 'MAYUNG');
INSERT INTO `desa` VALUES ('3209171013', '3209171', 'SAMBENG');
INSERT INTO `desa` VALUES ('3209171014', '3209171', 'SIRNABAYA');
INSERT INTO `desa` VALUES ('3209171015', '3209171', 'MERTASINGA');
INSERT INTO `desa` VALUES ('3209180010', '3209180', 'BUNGKO');
INSERT INTO `desa` VALUES ('3209180011', '3209180', 'KERTASURA');
INSERT INTO `desa` VALUES ('3209180012', '3209180', 'PEGAGAN KIDUL');
INSERT INTO `desa` VALUES ('3209180015', '3209180', 'PEGAGAN LOR');
INSERT INTO `desa` VALUES ('3209180016', '3209180', 'DUKUH');
INSERT INTO `desa` VALUES ('3209180017', '3209180', 'KARANGKENDAL');
INSERT INTO `desa` VALUES ('3209180018', '3209180', 'GROGOL');
INSERT INTO `desa` VALUES ('3209180020', '3209180', 'KAPETAKAN');
INSERT INTO `desa` VALUES ('3209180021', '3209180', 'BUNGKO LOR');
INSERT INTO `desa` VALUES ('3209181001', '3209181', 'SURANENGGALA KULON');
INSERT INTO `desa` VALUES ('3209181002', '3209181', 'SURAKARTA');
INSERT INTO `desa` VALUES ('3209181003', '3209181', 'KERATON');
INSERT INTO `desa` VALUES ('3209181004', '3209181', 'PURWAWINANGUN');
INSERT INTO `desa` VALUES ('3209181005', '3209181', 'MUARA');
INSERT INTO `desa` VALUES ('3209181006', '3209181', 'KARANGREJA');
INSERT INTO `desa` VALUES ('3209181007', '3209181', 'SURANENGGALA KIDUL');
INSERT INTO `desa` VALUES ('3209181008', '3209181', 'SURANENGGALA LOR');
INSERT INTO `desa` VALUES ('3209181009', '3209181', 'SURANENGGALA');
INSERT INTO `desa` VALUES ('3209190001', '3209190', 'SERANG');
INSERT INTO `desa` VALUES ('3209190002', '3209190', 'KLANGENAN');
INSERT INTO `desa` VALUES ('3209190003', '3209190', 'DANAWINANGUN');
INSERT INTO `desa` VALUES ('3209190007', '3209190', 'PEKANTINGAN');
INSERT INTO `desa` VALUES ('3209190008', '3209190', 'JEMARAS KIDUL');
INSERT INTO `desa` VALUES ('3209190009', '3209190', 'JEMARAS LOR');
INSERT INTO `desa` VALUES ('3209190011', '3209190', 'SLANGIT');
INSERT INTO `desa` VALUES ('3209190012', '3209190', 'KREYO');
INSERT INTO `desa` VALUES ('3209190013', '3209190', 'BANGODUA');
INSERT INTO `desa` VALUES ('3209191004', '3209191', 'JAMBLANG');
INSERT INTO `desa` VALUES ('3209191005', '3209191', 'SITIWINANGUN');
INSERT INTO `desa` VALUES ('3209191006', '3209191', 'WANGUNHARJA');
INSERT INTO `desa` VALUES ('3209191014', '3209191', 'BOJONG WETAN');
INSERT INTO `desa` VALUES ('3209191015', '3209191', 'BOJONG LOR');
INSERT INTO `desa` VALUES ('3209191016', '3209191', 'ORIMALANG');
INSERT INTO `desa` VALUES ('3209191017', '3209191', 'BAKUNG KIDUL');
INSERT INTO `desa` VALUES ('3209191018', '3209191', 'BAKUNG LOR');
INSERT INTO `desa` VALUES ('3209200001', '3209200', 'SENDE');
INSERT INTO `desa` VALUES ('3209200002', '3209200', 'JUNGJANG WETAN');
INSERT INTO `desa` VALUES ('3209200010', '3209200', 'JUNGJANG');
INSERT INTO `desa` VALUES ('3209200011', '3209200', 'ARJAWINANGUN');
INSERT INTO `desa` VALUES ('3209200012', '3209200', 'TEGALGUBUG');
INSERT INTO `desa` VALUES ('3209200013', '3209200', 'RAWAGATEL');
INSERT INTO `desa` VALUES ('3209200014', '3209200', 'TEGALGUBUG LOR');
INSERT INTO `desa` VALUES ('3209200015', '3209200', 'KARANGSAMBUNG');
INSERT INTO `desa` VALUES ('3209200016', '3209200', 'BULAK');
INSERT INTO `desa` VALUES ('3209200017', '3209200', 'GEYONGAN');
INSERT INTO `desa` VALUES ('3209200018', '3209200', 'KEBONTURI');
INSERT INTO `desa` VALUES ('3209201001', '3209201', 'KALIANYAR');
INSERT INTO `desa` VALUES ('3209201002', '3209201', 'PANGURAGAN KULON');
INSERT INTO `desa` VALUES ('3209201003', '3209201', 'PANGURAGAN WETAN');
INSERT INTO `desa` VALUES ('3209201004', '3209201', 'PANGURAGAN LOR');
INSERT INTO `desa` VALUES ('3209201005', '3209201', 'PANGURAGAN');
INSERT INTO `desa` VALUES ('3209201006', '3209201', 'GUJEG');
INSERT INTO `desa` VALUES ('3209201007', '3209201', 'LEMAHTAMBA');
INSERT INTO `desa` VALUES ('3209201008', '3209201', 'KARANGANYAR');
INSERT INTO `desa` VALUES ('3209201009', '3209201', 'KROYA');
INSERT INTO `desa` VALUES ('3209210004', '3209210', 'CIWARINGIN');
INSERT INTO `desa` VALUES ('3209210005', '3209210', 'BABAKAN');
INSERT INTO `desa` VALUES ('3209210006', '3209210', 'BUDUR');
INSERT INTO `desa` VALUES ('3209210007', '3209210', 'GINTUNGRANJENG');
INSERT INTO `desa` VALUES ('3209210008', '3209210', 'GINTUNG KIDUL');
INSERT INTO `desa` VALUES ('3209210009', '3209210', 'GINTUNG TENGAH');
INSERT INTO `desa` VALUES ('3209210010', '3209210', 'BRINGIN');
INSERT INTO `desa` VALUES ('3209210011', '3209210', 'GALAGAMBA');
INSERT INTO `desa` VALUES ('3209211001', '3209211', 'CUPANG');
INSERT INTO `desa` VALUES ('3209211002', '3209211', 'CIKEUSAL');
INSERT INTO `desa` VALUES ('3209211003', '3209211', 'WALAHAR');
INSERT INTO `desa` VALUES ('3209211004', '3209211', 'PALIMANAN BARAT');
INSERT INTO `desa` VALUES ('3209211005', '3209211', 'GEMPOL');
INSERT INTO `desa` VALUES ('3209211006', '3209211', 'KEDUNGBUNDER');
INSERT INTO `desa` VALUES ('3209211007', '3209211', 'KEMPEK');
INSERT INTO `desa` VALUES ('3209211008', '3209211', 'WINONG');
INSERT INTO `desa` VALUES ('3209220001', '3209220', 'TANGKIL');
INSERT INTO `desa` VALUES ('3209220002', '3209220', 'WIYONG');
INSERT INTO `desa` VALUES ('3209220003', '3209220', 'KEDONGDONG');
INSERT INTO `desa` VALUES ('3209220004', '3209220', 'GINTUNG LOR');
INSERT INTO `desa` VALUES ('3209220005', '3209220', 'BOJONG KULON');
INSERT INTO `desa` VALUES ('3209220006', '3209220', 'KEJIWAN');
INSERT INTO `desa` VALUES ('3209220007', '3209220', 'SUSUKAN');
INSERT INTO `desa` VALUES ('3209220008', '3209220', 'LUWUNG KENCANA');
INSERT INTO `desa` VALUES ('3209220009', '3209220', 'BUNDER');
INSERT INTO `desa` VALUES ('3209220010', '3209220', 'JATIPURA');
INSERT INTO `desa` VALUES ('3209220011', '3209220', 'UJUNGGEBANG');
INSERT INTO `desa` VALUES ('3209220012', '3209220', 'JATIANOM');
INSERT INTO `desa` VALUES ('3209230007', '3209230', 'BAYALANGU KIDUL');
INSERT INTO `desa` VALUES ('3209230008', '3209230', 'BAYALANGU LOR');
INSERT INTO `desa` VALUES ('3209230009', '3209230', 'KEDUNGDALEM');
INSERT INTO `desa` VALUES ('3209230010', '3209230', 'PANUNGGUL');
INSERT INTO `desa` VALUES ('3209230011', '3209230', 'GEGESIK WETAN');
INSERT INTO `desa` VALUES ('3209230012', '3209230', 'GEGESIK KIDUL');
INSERT INTO `desa` VALUES ('3209230016', '3209230', 'SLENDRA');
INSERT INTO `desa` VALUES ('3209230017', '3209230', 'JAGAPURA KIDUL');
INSERT INTO `desa` VALUES ('3209230018', '3209230', 'GEGESIK LOR');
INSERT INTO `desa` VALUES ('3209230019', '3209230', 'GEGESIK KULON');
INSERT INTO `desa` VALUES ('3209230020', '3209230', 'JAGAPURA WETAN');
INSERT INTO `desa` VALUES ('3209230021', '3209230', 'JAGAPURA KULON');
INSERT INTO `desa` VALUES ('3209230022', '3209230', 'JAGAPURA LOR');
INSERT INTO `desa` VALUES ('3209230023', '3209230', 'SIBUBUT');
INSERT INTO `desa` VALUES ('3209231001', '3209231', 'KALIDERES');
INSERT INTO `desa` VALUES ('3209231002', '3209231', 'PRAJAWINANGUN WETAN');
INSERT INTO `desa` VALUES ('3209231003', '3209231', 'PRAJAWINANGUN KULON');
INSERT INTO `desa` VALUES ('3209231004', '3209231', 'KALIWEDI KIDUL');
INSERT INTO `desa` VALUES ('3209231005', '3209231', 'KALIWEDI LOR');
INSERT INTO `desa` VALUES ('3209231006', '3209231', 'UJUNGSEMI');
INSERT INTO `desa` VALUES ('3209231007', '3209231', 'WARGABINANGUN');
INSERT INTO `desa` VALUES ('3209231008', '3209231', 'GUWA KIDUL');
INSERT INTO `desa` VALUES ('3209231009', '3209231', 'GUWA LOR');

DROP TABLE IF EXISTS penduduk;
CREATE TABLE penduduk
(
	no INT(11) NULL AUTO_INCREMENT,
	no_reff VARCHAR(11) NULL,
	id_penduduk VARCHAR(11) NULL,
	nik VARCHAR(16) NULL,
	nama VARCHAR(40) NULL,
	tmp_lahir VARCHAR(30) NULL,
	tgl_lahir DATE NULL,
	id_jk VARCHAR(7) NULL,
	id_goldarah VARCHAR(7) NULL,
	id_agama VARCHAR(7) NULL,
	id_pekerjaan VARCHAR(7) NULL,
	id_pendidikan VARCHAR(7) NULL,
	id_statusnikah VARCHAR(7) NULL,
	id_statustinggal VARCHAR(7) NULL,
	id_statuspenduduk VARCHAR(7) NULL,
	id_rt VARCHAR(7) NULL,
	id_provinsi VARCHAR(2) NULL,
	id_kabupaten VARCHAR(4) NULL,
	id_kecamatan VARCHAR(7) NULL,
	id_desa VARCHAR(10) NULL,
	hapus CHAR(1) NULL,
	PRIMARY KEY (no, id_penduduk)
);

DELETE FROM penduduk;
INSERT INTO penduduk VALUES
('1',NULL,'PDK.000', NULL, NULL, NULL, NULL, NULL, NULL, NULL, NULL, NULL, NULL, NULL, NULL, NULL, NULL, NULL, NULL, NULL, NULL),
('2',NULL,'PDK.001', '111', 'Permadi Eka Permana', 'Cirebon', '1996-05-23', 'JK.001', 'GOL.002', 'AGM.001', 'PKJ.001', 'PDN.001', 'STN.001', 'STT.001', 'STP.001', 'RT.001', '32', '3209', '3209140', '3209051009', 'N')
;

DROP TABLE IF EXISTS ketua_rt;
CREATE TABLE ketua_rt
(
	id_ketuart VARCHAR(11) NOT NULL PRIMARY KEY,
	id_penduduk VARCHAR(11) NOT NULL,
	id_rt VARCHAR(7) NOT NULL,
	tgl_menjabat DATE NOT NULL,
	tgl_akhirjabatan DATE NOT NULL,
	status CHAR(1) NOT NULL
);

DROP TABLE IF EXISTS ketua_rw;
CREATE TABLE ketua_rw
(
	id_ketuarw VARCHAR(11) NOT NULL PRIMARY KEY,
	id_penduduk VARCHAR(11) NOT NULL,
	id_rw VARCHAR(7) NOT NULL,
	tgl_menjabat DATE NOT NULL,
	tgl_akhirjabatan DATE NOT NULL,
	status CHAR(1) NOT NULL
);

DROP TABLE IF EXISTS level;
CREATE TABLE level
(
	id_level VARCHAR(7) NOT NULL PRIMARY KEY,
	level VARCHAR(15) NOT NULL
);

DELETE FROM level;
INSERT INTO level VALUES
('LVL.001', 'Admin'),
('LVL.002', 'Operator'),
('LVL.003', 'Kepala Desa'),
('LVL.004', 'Ketua RT'),
('LVL.005', 'Ketua RW'),
('LVL.006', 'Penduduk')
;


DROP TABLE IF EXISTS users;
CREATE TABLE users
(
	id_user VARCHAR(11) NOT NULL PRIMARY KEY,
	id_penduduk VARCHAR(11) NULL,
	username VARCHAR(20) NOT NULL,
	password VARCHAR(40) NOT NULL,
	id_level VARCHAR(7) NOT NULL,
	blokir CHAR(1) NOT NULL
);

DELETE FROM users;
INSERT INTO users VALUES
('DN.001', '', 'permadi', 'f86e328f5bcd47f653da719fc79cabb187f7968e', 'LVL.001', 'N')
;

DROP TABLE IF EXISTS mutasi_masuk;
CREATE TABLE mutasi_masuk
(
	id_mutasimasuk VARCHAR(11) NOT NULL PRIMARY KEY,
	id_penduduk VARCHAR(11) NOT NULL,
	id_rt VARCHAR(7) NOT NULL,
	id_rw VARCHAR(7) NOT NULL,
	id_provinsi VARCHAR(7) NOT NULL,
	id_kabupaten VARCHAR(7) NOT NULL,
	id_kecamatan VARCHAR(7) NOT NULL,
	id_desa VARCHAR(7) NOT NULL,
	tgl_mutasimasuk DATE NOT NULL
);

DROP TABLE IF EXISTS perangkat_desa;
CREATE TABLE perangkat_desa
(
	id_perangkatdesa VARCHAR(11) NOT NULL PRIMARY KEY,
	id_user VARCHAR(11) NOT NULL,
	nama VARCHAR(40) NOT NULL,
	id_jabatan VARCHAR(7) NOT NULL
);

DELETE FROM perangkat_desa;
INSERT INTO perangkat_desa VALUES
('PDS.001', 'DN.001', 'Permadi Eka Permana', 'JBN.003')
;


DROP TABLE IF EXISTS jenis_surat;
CREATE TABLE jenis_surat
(
	kode_surat VARCHAR(10) NOT NULL PRIMARY KEY,
	nama_surat VARCHAR(30) NOT NULL,
	keterangan VARCHAR(100) NOT NULL
);

DROP TABLE IF EXISTS field_surat;
CREATE TABLE field_surat
(
	field_surat VARCHAR(7) NOT NULL PRIMARY KEY,
	kode_surat VARCHAR(10) NOT NULL,
	no_urut TINYINT(2) NOT NULL,
	isi TEXT NOT NULL
);

DROP TABLE IF EXISTS status_surat;
CREATE TABLE status_surat
(
	id_statussurat VARCHAR(7) NOT NULL PRIMARY KEY,
	status_surat VARCHAR(15) NOT NULL
);

DROP TABLE IF EXISTS surat;
CREATE TABLE surat
(
	id_surat VARCHAR(11) NOT NULL PRIMARY KEY,
	kode_surat VARCHAR(10) NOT NULL,
	id_penduduk VARCHAR(11) NOT NULL,
	id_user VARCHAR(11) NOT NULL,
	no_akhirsurat VARCHAR(3) NOT NULL,
	tahun YEAR NOT NULL,
	bulan VARCHAR(2) NOT NULL,
	tgl_surat DATE NOT NULL,
	id_statussurat VARCHAR(7) NOT NULL
);

DROP TABLE IF EXISTS detail_field;
CREATE TABLE detail_field
(
	id_detail tinyint(11) NOT NULL PRIMARY KEY,
	id_surat VARCHAR(11) NOT NULL,
	isi_field VARCHAR(30) NOT NULL
);